Portfolio,JB_stat,JB_pval,Skewness,Excess_Kurtosis,is_normal_5pct
MKT,10.141569152362104,0.00627749303669629,-0.175465587381565,1.606147891672244,False
TAN,16.28236190855147,0.0002912929913256695,-0.21221937808052369,2.0242048783435087,False
BL,4.4964004506209125,0.10558909022498487,-0.11570128569201267,1.0896608849549065,True
BL_KIO,16.266550412947023,0.0002936050073174171,-0.01364003477172576,2.071425616493053,False
EW,7.2799283683468445,0.0262532842319248,0.19840550781371788,1.3413267005020537,False
