Portfolio,LB5_stat,LB5_pval,LB5_no_autocorr,LB10_stat,LB10_pval,LB10_no_autocorr,LB20_stat,LB20_pval,LB20_no_autocorr
MKT,8.867734921244082,0.11445749493738888,True,19.717694885925464,0.03203876869720912,False,34.2652364758915,0.024385468606203275,False
TAN,4.5856861765910795,0.46850141373738496,True,11.580177174994509,0.31413543370654917,True,25.54700855218104,0.18129922368624662,True
MV,2.0714786743379037,0.8391688372855021,True,16.284516036941504,0.09177232795069812,True,25.79630129776749,0.17264531796673466,True
BL,5.3942470752850395,0.3696814502936778,True,10.526546505332183,0.39557243098325956,True,24.12385497324706,0.2370237834339255,True
EW,3.047514559276154,0.6926604812460169,True,12.874587255919185,0.2307685770833563,True,23.94398003154395,0.2448478042962462,True
RP,3.047514559276153,0.692660481246017,True,12.874587255919185,0.2307685770833563,True,23.94398003154396,0.24484780429624597,True
