Portfolio,JB_stat,JB_pval,Skewness,Excess_Kurtosis,is_normal_5pct
MKT,10.141569152362104,0.00627749303669629,-0.175465587381565,1.606147891672244,False
TAN,16.28236190855147,0.0002912929913256695,-0.21221937808052369,2.0242048783435087,False
MV,83.77282478097936,6.4411324852122485e-19,0.1439903475738836,4.616894717324108,False
BL,7.2159748637575,0.027106345373558494,-0.22861540428739466,1.313305554337966,False
EW,7.2799283683468445,0.0262532842319248,0.19840550781371788,1.3413267005020537,False
RP,7.279928368346845,0.026253284231924794,0.19840550781371805,1.3413267005020537,False
