pair,T,h_lags,d_bar_annual,DM_stat,DM_HLN,p_value,sig,sig_10pct,sig_5pct,sig_1pct,Sharpe_new,Boot_SE_new,CI_lo_new,CI_hi_new,Sharpe_old,Boot_SE_old,CI_lo_old,CI_hi_old,Delta_Sharpe,CI_overlap_95pct
k=6 vs k=4  (new vs old baseline),75,4,-0.0026840123061390216,-0.10794425447051144,-0.1029043397147039,0.5408413737317167,n.s.,0,0,0,1.0399762458170219,0.5538971465428636,0.13056569905216475,2.251746121117503,1.0602815012075086,0.5624050691735019,0.10265474526628948,2.2918607225041265,-0.0203,1
k=6 vs k=2  (new baseline vs weakest),75,4,0.03630589320583239,0.9146249601230714,0.8719211417942003,0.19303580847297175,n.s.,0,0,0,1.0399762458170219,0.5538971465428636,0.13056569905216475,2.251746121117503,0.844139206886216,0.5245872526265665,-0.06804387340982151,1.9862064771621566,0.1958,1
k=4 vs k=2  (old baseline vs weakest),75,4,0.03898990551197141,0.9219344513111828,0.8788893530070402,0.1911531341918299,n.s.,0,0,0,1.0602815012075086,0.574744964756739,0.1388024088051573,2.375003536398106,0.844139206886216,0.5245872526265665,-0.06804387340982151,1.9862064771621566,0.2161,1
