Pair,z_statistic,p_value,is_significant_5pct
BL_KIO vs MKT,0.9651707904641346,0.3344592745984101,False
BL_KIO vs TAN,1.9394966075553257,0.05244089721432865,False
BL_KIO vs BL,0.6977058396698108,0.4853611753899032,False
BL_KIO vs EW,0.6068040922844596,0.5439809320135476,False
