Pair,z_statistic,p_value,is_significant_5pct
BL vs MKT,-0.04960290395961799,0.9604388324575988,False
BL vs TAN,0.9117888518245179,0.3618798800565457,False
BL vs MV,1.0882274160088365,0.2764947244301408,False
BL vs EW,-0.726266633814176,0.46767532987741967,False
BL vs RP,-0.5587117162168418,0.5763584820228238,False
