Pair,t_statistic,p_value,is_significant_5pct
BL vs MKT,0.3610258922541083,0.7188054543701555,False
BL vs TAN,1.1679380855031736,0.24547691167893962,False
BL vs MV,1.5319116098720258,0.12855171411405214,False
BL vs EW,-0.28406869047326716,0.7769171612998175,False
BL vs RP,-0.2840686904732676,0.776917161299817,False
