Pair,t_statistic,p_value,is_significant_5pct
BL_KIO vs MKT,1.1419941282590775,0.25605401982321624,False
BL_KIO vs TAN,2.020551642724063,0.04587193548650244,True
BL_KIO vs BL,0.47907742060109676,0.6328797791451901,False
BL_KIO vs EW,0.7742165682380664,0.44054253940188953,False
